file_name,timestamp,dominant_emotion,angry,disgust,fear,happy,sad,surprise,neutral
MarkRutte_MariekeElsinga.mkv,00:00,neutral,7.446414e-05,2.2071314e-13,16.643202,0.080908954,2.454006,0.002074765,80.81974
MarkRutte_MariekeElsinga.mkv,00:01,neutral,1.901546e-05,1.625468e-14,4.2890253,0.100679554,0.5413542,0.0033821613,95.06554
MarkRutte_MariekeElsinga.mkv,00:02,neutral,4.4522858e-05,5.3938848e-14,6.8715386,0.048267573,0.95212746,0.0028532294,92.12517
MarkRutte_MariekeElsinga.mkv,00:03,neutral,3.4794364e-05,2.1663054e-14,4.4044056,0.10772344,0.4796369,0.00793835,95.00027
MarkRutte_MariekeElsinga.mkv,00:04,neutral,3.84863e-05,2.0521216e-14,9.37829,0.06766956,1.0719732,0.005340706,89.47669
MarkRutte_MariekeElsinga.mkv,00:05,sad,0.7025594,5.382573e-06,0.5297745,0.0031320415,94.50888,0.00028867356,4.2553663
MarkRutte_MariekeElsinga.mkv,00:06,happy,1.2849407e-07,4.3423872e-16,1.5589304e-06,99.999985,1.0265218e-06,2.1721687e-06,1.3257531e-05
MarkRutte_MariekeElsinga.mkv,00:07,neutral,9.461846,0.5280621,17.246696,0.4248545,31.943111,0.77171636,39.623707
MarkRutte_MariekeElsinga.mkv,00:08,neutral,0.008007418,0.00031409974,1.1679082,1.1431243,0.022882257,0.45999706,97.19777
MarkRutte_MariekeElsinga.mkv,00:09,neutral,31.824026,0.06667329,8.283794,0.03732105,25.823467,1.4667048,32.498013
MarkRutte_MariekeElsinga.mkv,00:10,sad,7.970907,0.000794283,31.243404,0.21135469,55.937927,0.0051639974,4.6304526
MarkRutte_MariekeElsinga.mkv,00:11,fear,3.8215716,7.0956817,76.88838,0.78237706,7.611128,1.1826875,2.6181803
MarkRutte_MariekeElsinga.mkv,00:12,sad,21.077898,0.05930183,26.582844,0.26186475,42.78449,0.38664207,8.846961
MarkRutte_MariekeElsinga.mkv,00:13,angry,46.55067,0.47674885,30.489574,0.08237339,19.029442,1.7993779,1.571806
MarkRutte_MariekeElsinga.mkv,00:14,sad,24.718132,0.96651644,9.280971,0.2937725,62.671463,0.24287389,1.826269
MarkRutte_MariekeElsinga.mkv,00:15,sad,4.5967994,0.016698908,1.310773,1.2785177,78.693886,0.012172733,14.091154
MarkRutte_MariekeElsinga.mkv,00:16,neutral,9.3183553e-07,6.8922734e-09,0.013523739,0.009620343,4.88288,2.8201444e-07,95.09398
MarkRutte_MariekeElsinga.mkv,00:17,sad,18.845818,0.07899719,2.6021783,0.78371453,76.183525,0.18370691,1.3220631
MarkRutte_MariekeElsinga.mkv,00:18,happy,0.0023903272,1.238684e-06,0.00041703257,95.691284,0.0057901754,0.117670126,4.1824503
MarkRutte_MariekeElsinga.mkv,00:19,angry,41.381985,0.33737546,23.009739,8.235173,13.754899,0.5037438,12.777093
MarkRutte_MariekeElsinga.mkv,00:20,fear,25.615084,1.383786,34.754814,3.6444566,14.046876,2.258349,18.296629
MarkRutte_MariekeElsinga.mkv,00:21,angry,54.52057,0.0005606836,5.47082,6.249197,3.0004268,0.024476437,30.733957
MarkRutte_MariekeElsinga.mkv,00:22,sad,32.11139,0.28880692,2.4904566,0.21783082,62.923878,0.0024176931,1.9652169
MarkRutte_MariekeElsinga.mkv,00:23,sad,6.423765,0.00084947434,15.780483,0.00011216532,77.55444,0.00032487075,0.24001475
MarkRutte_MariekeElsinga.mkv,00:24,happy,0.22524144,0.0023464754,0.04027007,58.759285,0.39930153,0.30315042,40.270412
MarkRutte_MariekeElsinga.mkv,00:25,happy,0.16140878,0.0061145527,0.75699514,71.991135,0.71324664,0.15653722,26.214565
MarkRutte_MariekeElsinga.mkv,00:26,happy,0.0001240105,3.4271116e-07,0.0019491708,95.97725,0.0032011226,0.019830221,3.997646
MarkRutte_MariekeElsinga.mkv,00:27,fear,4.389809,0.096922874,67.452225,18.708399,8.34445,0.99809784,0.010092045
MarkRutte_MariekeElsinga.mkv,00:28,happy,0.0004980349,6.0670297e-10,6.741425e-06,99.99749,5.2383108e-05,1.5014656e-11,0.0019380426
MarkRutte_MariekeElsinga.mkv,00:29,fear,0.8118007,0.000101441605,94.55481,0.00077176426,1.4358732,1.0788807,2.1177566
MarkRutte_MariekeElsinga.mkv,00:30,sad,7.418279,0.00079320447,25.641443,0.00023446517,50.073063,0.02185528,16.844334
MarkRutte_MariekeElsinga.mkv,00:31,angry,58.553005,3.6677834e-06,9.538791,0.45531052,4.899841,0.002461606,26.550592
MarkRutte_MariekeElsinga.mkv,00:32,happy,0.9627693,7.4888e-06,0.004303613,98.27011,0.040565517,5.132903e-06,0.72223884
MarkRutte_MariekeElsinga.mkv,00:33,happy,0.016234607,1.4871499e-07,8.6991684e-05,99.87688,0.002018957,4.0077146e-05,0.10474374
MarkRutte_MariekeElsinga.mkv,00:34,happy,0.0013943813,8.062416e-07,3.3265944e-05,89.91156,0.0054948516,1.1379592e-06,10.081521
MarkRutte_MariekeElsinga.mkv,00:35,happy,0.004208636,1.0206087e-05,0.0023266312,65.35694,0.13210574,0.00020574917,34.504204
MarkRutte_MariekeElsinga.mkv,00:36,neutral,1.933403,0.003166894,2.3686893,1.2774632,46.927864,0.0036569494,47.485752
MarkRutte_MariekeElsinga.mkv,00:37,neutral,0.8718351,0.00030290254,0.1136199,8.987555,4.4768987,0.0060351584,85.543755
MarkRutte_MariekeElsinga.mkv,00:38,neutral,0.8158713,0.000831392,0.12292134,22.588217,2.2610798,0.004829539,74.20625
MarkRutte_MariekeElsinga.mkv,00:39,neutral,6.676133,0.00011274586,0.41903242,1.8158056,17.907616,0.0039839577,73.17732
MarkRutte_MariekeElsinga.mkv,00:40,sad,31.088587,0.0028261705,28.294073,0.039187692,35.441532,0.023730025,5.110075
MarkRutte_MariekeElsinga.mkv,00:41,happy,0.021316336,5.865834e-09,0.00033837993,99.95981,0.0082690455,2.003071e-06,0.010273842
MarkRutte_MariekeElsinga.mkv,00:42,neutral,0.00015864844,3.8456459e-13,0.38245186,0.15768822,0.14585271,0.005093591,99.308754
MarkRutte_MariekeElsinga.mkv,00:43,happy,0.080503166,4.7553563e-05,0.5225404,93.00306,0.025326697,5.445855,0.92266977
MarkRutte_MariekeElsinga.mkv,00:44,happy,0.004722138,4.9694677e-07,2.9612036,48.31314,4.43856,0.1760889,44.10628
MarkRutte_MariekeElsinga.mkv,00:45,angry,43.8297,0.05145127,22.110094,0.001971765,33.794052,0.03965675,0.17308047
MarkRutte_MariekeElsinga.mkv,00:46,sad,14.351236,0.00025234706,18.49922,0.00077837193,64.42714,0.005494975,2.7158692
MarkRutte_MariekeElsinga.mkv,00:47,neutral,19.305025,0.026224358,0.9809106,0.7758892,28.974869,0.006582314,49.930504
MarkRutte_MariekeElsinga.mkv,00:48,happy,0.819449,0.00027173883,0.31706944,64.65971,0.8058938,0.20010825,33.197487
MarkRutte_MariekeElsinga.mkv,00:49,neutral,8.215183,6.0564016e-06,2.45291,1.8701432,2.7956924,0.0051483694,84.66092
MarkRutte_MariekeElsinga.mkv,00:50,neutral,10.143578,0.00051616196,7.8886056,5.0472217,9.33701,0.0794624,67.50361
MarkRutte_MariekeElsinga.mkv,00:51,angry,72.82055,0.00023258009,4.612455,0.028684694,20.174782,8.424506e-05,2.363222
MarkRutte_MatthijsNieuwkerk.mp4,00:01,sad,21.013502,2.990962e-07,17.095617,0.002079356,42.329884,1.1280622e-07,19.558916
MarkRutte_MatthijsNieuwkerk.mp4,00:02,sad,19.85969,0.0026264153,2.895917,0.20240319,48.585037,0.0019162857,28.452412
MarkRutte_MatthijsNieuwkerk.mp4,00:05,sad,0.38001633,0.026569976,3.7873402,4.786115,90.16811,2.4523053e-05,0.85182106
MarkRutte_MatthijsNieuwkerk.mp4,00:06,neutral,2.8883688,0.0004558856,0.44123757,26.97834,1.4609652,0.0068760794,68.223755
MarkRutte_MatthijsNieuwkerk.mp4,00:07,happy,0.08287771,2.62313e-05,0.19000909,96.31843,2.1660938,0.041037343,1.2015371
MarkRutte_MatthijsNieuwkerk.mp4,00:11,fear,27.674582,0.0062625306,44.59865,8.8627356e-05,26.241293,0.0005025082,1.4786227
MarkRutte_MatthijsNieuwkerk.mp4,00:12,sad,0.10622113,3.3722913e-06,0.90792614,0.5020767,61.74899,8.709682e-06,36.734776
MarkRutte_MatthijsNieuwkerk.mp4,00:13,sad,25.416292,0.00066060777,4.379934,0.0023982797,57.58932,3.109556e-05,12.611355
MarkRutte_MatthijsNieuwkerk.mp4,00:14,sad,10.596898,6.870288e-07,0.8337386,0.12955078,55.573776,0.00040021702,32.86564
MarkRutte_MatthijsNieuwkerk.mp4,00:15,neutral,12.666294,3.654476e-07,1.5531305,0.5047671,20.078888,0.059524074,65.1374
MarkRutte_MatthijsNieuwkerk.mp4,00:16,sad,13.221446,8.4679734e-05,26.441326,1.8622538,33.66802,3.3456576,21.461214
MarkRutte_MatthijsNieuwkerk.mp4,00:17,sad,29.418655,0.010154291,2.6355891,0.059738465,57.226498,0.23535874,10.414003
MarkRutte_MatthijsNieuwkerk.mp4,00:18,angry,96.76135,6.5905024e-06,1.1806357,5.7241075e-05,2.041427,0.0010581621,0.01545051
MarkRutte_MatthijsNieuwkerk.mp4,00:19,sad,36.23787,2.4562846e-07,2.4566324,0.0005035826,60.874405,0.0001350636,0.4304424
MarkRutte_MatthijsNieuwkerk.mp4,00:20,sad,16.362083,2.4975447e-05,3.293667,0.019240404,57.47951,0.008688778,22.83678
MarkRutte_MatthijsNieuwkerk.mp4,00:21,angry,72.34455,1.4080526e-05,0.8112275,0.0017269187,26.034874,0.012693376,0.7949166
MarkRutte_MatthijsNieuwkerk.mp4,00:22,angry,44.58757,2.1265005e-06,0.47001815,0.001239052,43.412037,0.0018176709,11.52731
MarkRutte_MatthijsNieuwkerk.mp4,00:23,angry,64.68105,1.202611e-10,0.108853936,7.412635e-05,34.919323,5.8206606e-08,0.29069299
MarkRutte_MatthijsNieuwkerk.mp4,00:24,angry,73.07165,2.2409505e-10,0.17075437,0.0006368952,26.713896,9.777472e-06,0.043052983
MarkRutte_MatthijsNieuwkerk.mp4,00:25,sad,14.661187,0.05023699,25.903776,0.107242525,44.44758,0.2465881,14.583397
MarkRutte_MatthijsNieuwkerk.mp4,00:26,sad,22.745802,0.5842969,5.02693,0.014337264,61.089314,0.070417635,10.468901
MarkRutte_MatthijsNieuwkerk.mp4,00:27,angry,72.85026,0.09917816,0.7315565,4.377978,21.729864,9.457248e-05,0.21107611
MarkRutte_MatthijsNieuwkerk.mp4,00:28,angry,43.3679,32.660625,8.390191,0.001220805,13.526826,0.15346059,1.8997834
MarkRutte_MatthijsNieuwkerk.mp4,00:29,disgust,32.413193,43.43524,7.015133,0.0085406015,5.6364264,5.469168,6.0222974
MarkRutte_MatthijsNieuwkerk.mp4,00:32,fear,32.25247,0.040906258,32.564392,0.88265973,24.931747,0.67238647,8.655437
MarkRutte_MatthijsNieuwkerk.mp4,00:36,angry,93.9438,6.33301e-05,0.33880082,0.0015022149,4.639624,0.00033222183,1.0758816
MarkRutte_MatthijsNieuwkerk.mp4,00:38,neutral,0.14077595,4.3779723e-06,1.9206884,5.3256125,16.295424,0.0022516013,76.31524
MarkRutte_MatthijsNieuwkerk.mp4,00:39,happy,0.2883835,5.2643696e-07,18.965776,79.82578,0.90298456,0.00047675762,0.01659655
MarkRutte_MatthijsNieuwkerk.mp4,00:40,sad,7.8266506,1.3340752e-05,17.594881,0.017382715,63.692486,10.255032,0.6135524
MarkRutte_MatthijsNieuwkerk.mp4,00:41,surprise,37.93742,0.012304435,6.7528644,0.06566737,1.0544006,54.160717,0.01663119
MarkRutte_MatthijsNieuwkerk.mp4,00:42,sad,7.9033093,0.0025983108,24.18656,0.00069715176,62.819397,0.00085965474,5.0865784
MarkRutte_MatthijsNieuwkerk.mp4,00:43,sad,15.251289,5.873013e-06,1.337096,0.0058181,65.3346,1.16729325e-05,18.071169
MarkRutte_MatthijsNieuwkerk.mp4,00:44,sad,9.966765,4.250647e-05,2.8763108,0.0022649998,83.74905,6.777269e-05,3.4055107
MarkRutte_MatthijsNieuwkerk.mp4,00:45,sad,4.6949077,1.5310861e-05,2.0284755,0.000682107,91.68968,4.4466575e-05,1.5861965
MarkRutte_MatthijsNieuwkerk.mp4,00:46,sad,14.767973,0.0027990227,21.130114,0.00036175936,60.289444,0.0007089629,3.8085997
MarkRutte_MatthijsNieuwkerk.mp4,00:51,sad,28.934036,0.015480346,7.6668277,0.11710437,38.077915,0.16001056,25.02863
MarkRutte_MatthijsNieuwkerk.mp4,00:52,angry,43.419117,0.0627739,10.840173,0.14028798,20.49544,0.5714807,24.470732
MarkRutte_MatthijsNieuwkerk.mp4,00:53,neutral,2.3069634e-07,2.0199337e-10,0.040654503,0.0008401708,0.0011951786,0.00010789133,99.95721
MarkRutte_MatthijsNieuwkerk.mp4,00:55,neutral,23.464142,0.058584124,2.8371487,0.44953722,3.6313355,0.3521443,69.207115
MarkRutte_MatthijsNieuwkerk.mp4,00:56,neutral,15.328582,0.00065265375,3.8877816,0.07824357,38.77859,0.036097314,41.890057
MarkRutte_MatthijsNieuwkerk.mp4,00:57,fear,27.217844,0.00549937,35.213226,0.741758,30.193943,6.152597,0.47513148
MarkRutte_MatthijsNieuwkerk.mp4,00:58,fear,8.845839,0.0004512678,55.112427,3.6828334,31.290302,0.5683822,0.49976477
MarkRutte_MatthijsNieuwkerk.mp4,00:59,fear,0.019366505,1.2717409e-06,96.6455,0.18993856,2.9456947,0.012447359,0.18706526
MarkRutte_MatthijsNieuwkerk.mp4,01:00,neutral,4.3005878e-07,3.0456013e-12,0.030228958,0.0006088687,0.003396359,8.3071745e-06,99.96576
MarkRutte_MatthijsNieuwkerk.mp4,01:01,happy,1.02929,2.1095508e-05,0.06547531,48.65487,2.7646456,0.01548118,47.470222
MarkRutte_MatthijsNieuwkerk.mp4,01:02,surprise,1.3766143,0.02910533,0.4223407,0.0053969095,0.021476198,98.1416,0.0034721997
MarkRutte_MatthijsNieuwkerk.mp4,01:03,happy,0.0073655625,4.837938e-06,0.0071692476,96.45733,0.047890685,0.018549262,3.4616947
MarkRutte_MatthijsNieuwkerk.mp4,01:04,happy,0.043530557,5.775637e-07,0.039035745,86.27205,0.46204713,0.33412567,12.849211
MarkRutte_MatthijsNieuwkerk.mp4,01:05,sad,6.5722256,0.0007002264,0.8181084,0.1585125,75.00598,7.612141e-05,17.444393
MarkRutte_MatthijsNieuwkerk.mp4,01:06,angry,88.87247,0.007313441,0.35412893,0.013494893,0.7187389,9.325059,0.7087997
MarkRutte_MatthijsNieuwkerk.mp4,01:07,fear,5.224467,0.00090237433,71.51831,0.026285753,19.068068,1.5854279,2.576538
MarkRutte_MatthijsNieuwkerk.mp4,01:08,fear,11.1534195,0.004022153,46.060375,4.109122,19.697107,0.65012676,18.325832
MarkRutte_MatthijsNieuwkerk.mp4,01:09,sad,29.749468,0.037259385,12.136653,0.23883855,49.66857,0.012816099,8.156403
MarkRutte_MatthijsNieuwkerk.mp4,01:10,sad,27.929703,0.07332746,7.7766237,0.036254708,61.61441,0.0016850899,2.5679927
MarkRutte_MatthijsNieuwkerk.mp4,01:11,sad,7.4054003,0.13040306,10.060682,0.25418937,72.195854,0.06317517,9.8903
MarkRutte_MatthijsNieuwkerk.mp4,01:12,sad,10.247446,0.13794033,16.817234,0.13045245,69.59047,0.067175575,3.0092914
MarkRutte_MatthijsNieuwkerk.mp4,01:13,sad,0.53527325,0.018056052,21.044474,0.45016274,72.93197,0.028901873,4.991163
MarkRutte_MatthijsNieuwkerk.mp4,01:14,fear,0.70104635,1.0635663e-05,76.0295,1.415898,13.737476,0.5677769,7.548295
MarkRutte_MatthijsNieuwkerk.mp4,01:15,sad,16.541458,0.2401294,22.449781,0.49083313,54.313446,0.16929117,5.7950606
MarkRutte_MatthijsNieuwkerk.mp4,01:16,angry,36.01886,0.055986613,28.279093,0.272765,18.611788,3.8439453,12.917566
MarkRutte_MatthijsNieuwkerk.mp4,01:17,surprise,4.4334607,7.049804e-05,0.054703202,0.0021791218,0.0032271643,95.50629,7.873156e-05
MarkRutte_MatthijsNieuwkerk.mp4,01:18,sad,27.449755,0.016181095,3.2589219,8.185035,51.169247,0.15768355,9.76318
MarkRutte_MatthijsNieuwkerk.mp4,01:19,angry,84.47148,5.4460144,1.6926358,0.008153905,7.6676526,0.042312253,0.67174596
MarkRutte_MatthijsNieuwkerk.mp4,01:20,angry,67.90693,11.733082,5.409018,0.001115907,6.217588,1.9602352,6.7720346
MarkRutte_MatthijsNieuwkerk.mp4,01:21,angry,72.495415,0.00028553867,10.0185375,0.11220024,8.867053,8.468482,0.038025975
MarkRutte_MatthijsNieuwkerk.mp4,01:22,neutral,9.862872e-05,1.6886695e-07,0.0035310416,0.15118384,0.072932415,4.29297e-05,99.77221
MarkRutte_MatthijsNieuwkerk.mp4,01:24,angry,34.377613,0.54019266,19.295984,0.03354846,12.096268,33.163967,0.4924313
MarkRutte_MatthijsNieuwkerk.mp4,01:25,fear,8.9282465,0.010976217,40.723167,8.054147,38.327667,0.11745818,3.8383417
MarkRutte_MatthijsNieuwkerk.mp4,01:26,sad,29.642305,0.0006734367,4.4283333,0.2960495,56.4698,0.002716379,9.160129
MarkRutte_MatthijsNieuwkerk.mp4,01:27,sad,41.0416,0.12964472,12.186149,1.2096788,44.896206,0.03983336,0.4968969
MarkRutte_MatthijsNieuwkerk.mp4,01:28,angry,52.398705,0.20470528,18.726946,0.25909844,28.15985,0.07368927,0.17701662
MarkRutte_MatthijsNieuwkerk.mp4,01:29,angry,65.82423,0.0023393007,17.563763,0.0998057,16.431805,0.0070511405,0.07101121
MarkRutte_MatthijsNieuwkerk.mp4,01:30,angry,59.08422,0.006650827,24.930712,0.061533645,15.819119,0.057241302,0.04052187
MarkRutte_MatthijsNieuwkerk.mp4,01:31,angry,47.816048,0.33486006,44.117146,0.04516345,5.7963567,0.86931914,1.0211121
MarkRutte_MatthijsNieuwkerk.mp4,01:32,fear,10.588853,0.0038455308,65.513145,0.025756536,22.96796,0.08076999,0.8196741
MarkRutte_MatthijsNieuwkerk.mp4,01:33,sad,23.938751,0.008389526,31.619522,0.015650531,44.159428,0.018161297,0.24009624
MarkRutte_MatthijsNieuwkerk.mp4,01:34,angry,54.343815,0.000316827,19.606384,0.02964736,25.564405,0.0107953185,0.44463798
MarkRutte_MatthijsNieuwkerk.mp4,01:37,sad,0.23380134,1.072219e-06,36.193665,1.7482262,61.755974,0.00086612575,0.06746555
MarkRutte_MatthijsNieuwkerk.mp4,01:38,fear,37.050606,0.54062194,39.861786,0.022877904,3.944253,18.286318,0.29354295
MarkRutte_MatthijsNieuwkerk.mp4,01:39,angry,43.172646,0.6795995,37.66785,1.3430718,12.137961,0.04519044,4.953685
MarkRutte_MatthijsNieuwkerk.mp4,01:40,fear,14.672842,0.010602061,38.58681,0.08290289,37.664715,0.508765,8.473358
MarkRutte_MatthijsNieuwkerk.mp4,01:41,surprise,1.8701267,0.0014027035,4.764085,0.00053188356,1.4168582,91.90155,0.045448314
MarkRutte_MatthijsNieuwkerk.mp4,01:42,fear,28.28394,1.1307819,36.247498,0.7363547,21.371086,4.192754,8.037593
MarkRutte_MatthijsNieuwkerk.mp4,01:43,angry,35.908573,0.2701311,32.610664,0.03291594,28.072762,1.7977506,1.3072
MarkRutte_MatthijsNieuwkerk.mp4,01:44,angry,49.322857,7.533369e-05,25.721304,0.33563533,16.048086,8.555713,0.016340273
MarkRutte_MatthijsNieuwkerk.mp4,01:45,sad,15.988649,0.00052185584,20.442831,0.07465321,58.066887,0.06390699,5.3625507
MarkRutte_MatthijsNieuwkerk.mp4,01:48,fear,0.0009122925,4.710034e-09,99.90306,0.05562502,0.011888154,0.014109588,0.014407112
MarkRutte_MatthijsNieuwkerk.mp4,01:51,angry,50.065334,0.0037305516,41.613865,0.0851981,5.5629706,2.5990622,0.069836326
MarkRutte_MatthijsNieuwkerk.mp4,01:52,sad,19.068047,0.010417195,6.320604,0.044861887,72.163864,0.0006059482,2.3916094
MarkRutte_MatthijsNieuwkerk.mp4,01:53,sad,22.927374,0.0240128,6.1200986,0.004079203,62.559383,0.014434445,8.350611
MarkRutte_MatthijsNieuwkerk.mp4,01:54,sad,33.454117,0.10068586,9.272087,0.0023092788,49.35909,0.016962057,7.794751
MarkRutte_MatthijsNieuwkerk.mp4,01:55,sad,1.9365385,0.000121923156,3.8185933,0.026849622,82.97794,0.0075873444,11.2323675
MarkRutte_MatthijsNieuwkerk.mp4,01:56,sad,1.5578791,0.00013205639,3.566366,0.0073033,70.21788,0.0043082205,24.646133
